用例名称	字节码SHA256	指令条数	覆盖独立指令数	字节码文件相对路径
01_arithmetic_bitwise	ae973cfc887ba6b9ec6fa6b2adcff697b64c72f4b7cf1305be277f4871d9cf42	49	21	aluka_r\tests\golden\corpus\01_arithmetic_bitwise.bc
02_literals_and_stack	434164176a56d470bab78d63468002067f02efbe41ea113fb99b5c9ae7205a85	27	14	aluka_r\tests\golden\corpus\02_literals_and_stack.bc
03_comparisons	3901e4104ea3f4a7a58ada638ba4becce2f3fa8ed79ea6dba6fcbc2ae670ad58	52	18	aluka_r\tests\golden\corpus\03_comparisons.bc
04_control_flow_jumps	57c3d45e5a114a749bde9d3bd5ad0027257457d14a8aee8e66157dba51f80728	63	25	aluka_r\tests\golden\corpus\04_control_flow_jumps.bc
05_optional_chaining	3712f269b39889ec4cf6a8e8d05578b6ff99fd0c24cf5ef823a200fad6891910	50	15	aluka_r\tests\golden\corpus\05_optional_chaining.bc
06_closures_and_upvalues	d9941155d34dad620ddd0ec512dc4c4f5d6351e839b9d57f8fda1630bc2d2fb9	74	21	aluka_r\tests\golden\corpus\06_closures_and_upvalues.bc
07_objects_and_properties	9a9c073969d934dfbec61a7e1685ac553811a87d7fac488935c7d62a26445e87	54	23	aluka_r\tests\golden\corpus\07_objects_and_properties.bc
08_arrays_and_methods	97a7c4077b10d8d56a33d7cabd82e29ab220fad5a8bd6291db23dd8d835ef235	49	16	aluka_r\tests\golden\corpus\08_arrays_and_methods.bc
09_classes_and_inheritance	db36bb0389b051ec16de213bd008228324c0aac5d53ac6f2af4a283f187c5633	59	20	aluka_r\tests\golden\corpus\09_classes_and_inheritance.bc
10_try_catch_finally	b2a238bda19d916eb2691a2fa1152bba87f3f492dd38443453661509288066f2	53	22	aluka_r\tests\golden\corpus\10_try_catch_finally.bc
11_generators_and_iterators	efbfff9dd740f8a38d39114ce9dc02289a8e51fbcab77defedf9001cbafd21de	52	23	aluka_r\tests\golden\corpus\11_generators_and_iterators.bc
12_for_in_keys	d5fa1b19b2105e09a8d66cc40dc8358d660da1bcc4de00fc27cdd4e216d6dc05	59	22	aluka_r\tests\golden\corpus\12_for_in_keys.bc
13_async_await	9d5f2c8c10b59be802ba8d175769bacfec4ce0152daff06c8327ab063c72f369	25	15	aluka_r\tests\golden\corpus\13_async_await.bc
14_regexp_and_types	bf1edf43ef01411b80abef162a652106441768adeb64866f5afdb47465b1a2c0	31	18	aluka_r\tests\golden\corpus\14_regexp_and_types.bc
15_update_expressions	21c15a8b2ba99372bda938deee71239210e0ddfd731981541cde251eb1761428	41	13	aluka_r\tests\golden\corpus\15_update_expressions.bc
16_destructuring_and_spread	d9545386dac40047b3a49129768cd7a7a8acdbaa9e1d6132504987fecb4152e0	37	16	aluka_r\tests\golden\corpus\16_destructuring_and_spread.bc
17_in_and_instanceof	a3a99076d7426d521e7e3972427b8df445e690b41b96e3827e27e108a1a656de	25	14	aluka_r\tests\golden\corpus\17_in_and_instanceof.bc
18_switch_statement	34c2ecbfa1eca943e9b4a64323143f53c9dc85909ff141eea8446c01f8175629	36	15	aluka_r\tests\golden\corpus\18_switch_statement.bc
19_while_dowhile	1a14b4d4c14a929043a97f8b403b0854e13d8db836da543c7d7b968c1ba01a01	31	15	aluka_r\tests\golden\corpus\19_while_dowhile.bc
20_apply_and_spread_call	1ea3f53a120c97092c47e65521016ee4c62a3d6bf0d3dde6843a97e086b109e9	24	14	aluka_r\tests\golden\corpus\20_apply_and_spread_call.bc
21_template_literals	a18589679d4c8fc4e60599891e0af0c709d8710b4af2bd4744d4119024e2efaa	17	11	aluka_r\tests\golden\corpus\21_template_literals.bc
22_nested_closures	d6f6e7d8ef73c7efe8d9c0548d0091fef437cf136d8c6ea8b9f74b9be5c748dc	25	12	aluka_r\tests\golden\corpus\22_nested_closures.bc
23_computed_getter_setter	eaef176d04025f9efd8cd1129ce679b7f2a50f6525748be34c7361fbd7cecd7a	37	20	aluka_r\tests\golden\corpus\23_computed_getter_setter.bc
24_typeof_global	3faf24c3fba3d1879b473d8d587f3569a25689d8af4d6e65231a9e524f828cf3	7	7	aluka_r\tests\golden\corpus\24_typeof_global.bc
25_call_this_constructor	aab07e18aebc3a5467282e650f8e1e0b33a6008022b3d34e39aabfd4b4c27809	41	15	aluka_r\tests\golden\corpus\25_call_this_constructor.bc
26_for_await_of	0a96996d73f064ad3a862d5f4a0c73985de57bf3c5ca98151079149d8d59149d	47	22	aluka_r\tests\golden\corpus\26_for_await_of.bc
27_chained_try_finally	599778d7857763a9472b6e922bf6d444d4b919e7a4c5a6a6d8b2f1ddc2dab250	36	14	aluka_r\tests\golden\corpus\27_chained_try_finally.bc
28_super_methods	311ee2af957bfd30eaadd4a729313cad587518df2aedc74f094cb12d9ca47168	33	17	aluka_r\tests\golden\corpus\28_super_methods.bc
29_dynamic_arithmetic_ops	b6bfe66c7d74876c2f43ba0f5460f507171cb1b55556526aa41a1bd6ea7d87f3	31	14	aluka_r\tests\golden\corpus\29_dynamic_arithmetic_ops.bc
30_dynamic_globals_and_undef	1452f995f7ffc8e2a0ddc064792b086197bcb61b8fa375984208d253fa58d8ac	17	12	aluka_r\tests\golden\corpus\30_dynamic_globals_and_undef.bc
31_dynamic_props_and_spread	b3f27f36fde0847bfc72b1c41e6cecb0ead6da572e4f5b082a7b2f801619a7dd	32	19	aluka_r\tests\golden\corpus\31_dynamic_props_and_spread.bc
32_try_exit_jmp_loop	f254b54905f077b2838b876a86f09a92cf65f03a953a065276e8574add5ac8a9	34	21	aluka_r\tests\golden\corpus\32_try_exit_jmp_loop.bc
99_synthetic_special_opcodes	91b93da031dfc167d7fdb13ffecb87913bf0b2ae90be2c2af35cc20db714e703	12	10	aluka_r\tests\golden\corpus\99_synthetic_special_opcodes.bc
